"SampleID","SpotID","Crystallization_Age_Ma","Hf176_Hf177","Hf176_Hf177_1s","Lu176_Hf177","Lu176_Hf177_1s","Hf176_Hf177_initial","eHf","eHf_1s"
2123204,164,579,0.282339,1.85e-05,3.518e-05,1.25e-07,0.282376618055574,-1.54349297424305,1.77240690325677
2123204,165,2333,0.281377,2e-05,0.0005553,2.7e-06,0.281391305304246,3.57380525402906,0.9087367056373
2123204,166,275,0.282696,2.45e-05,0.0021796,3.6e-06,0.282729792661247,4.15981026819612,0.874770856262372
2123204,167,921,0.282405,2.4e-05,0.0011827,3.05e-06,0.282435509702492,8.24336985461471,0.891500689079893
2123204,168,573,0.281955,2.25e-05,1e-04,7e-06,0.282007925624595,-14.7326085876442,0.806184083616479
2123204,169,1159,0.282187,2.3e-05,0.000889,1.15e-05,0.282222574768583,6.08956728444632,0.905663264272152
2123204,170,370,0.282615,2.35e-05,0.001422,1.3e-05,0.282665153555376,3.99261113792182,0.824757811060126
2123204,171,1965,0.281195,2.25e-05,0.000714,7.5e-06,0.281228348494026,-10.7435128670264,3.29304250538878
2123204,172,893,0.282149,2.45e-05,0.0004396,1.35e-06,0.282196617397833,-0.854199397629651,0.894108761566874
2123204,173,1160,0.282152,2.55e-05,0.001064,6e-06,0.282178730626746,4.55780390149707,0.947147274842672
2123204,174,2491,0.28108,2.35e-05,0.0008503,3.45e-06,0.281086565522158,-3.5793689774255,0.843464950027513
2123204,175,670,0.282309,2.45e-05,0.0006478,1.2e-06,0.282343854630853,-0.66094108697623,0.97093185838443
2123204,176,1621,0.281919,2e-05,0.0007695,1.65e-06,0.281925381531508,6.09309757494625,0.777572247412338
2123204,177,566,0.282426,1.9e-05,0.000121,5.5e-06,0.282455715970982,0.965653065989613,0.693600515746052
2123204,178,523,0.282574,2.6e-05,0.000722,9e-06,0.282597923190785,5.03652370113405,0.936307136846336
2123204,179,514,0.282451,1.85e-05,0.0001628,2.25e-06,0.282478431878845,0.604457596855568,0.665866385861837
2123204,180,1168,0.282195,2.15e-05,0.0007864,9.5e-07,0.282209681752898,5.83691155686905,0.82354230308966
2123204,181,1151,0.282132,1.95e-05,0.00065717,4.9e-07,0.282149740590444,3.32559163054524,0.738155091827215
2123204,182,1074,0.282061,1.85e-05,0.0007165,4.4e-06,0.282080503737214,-0.875539736711062,0.702859361096842
2123204,183,1149,0.282174,1.85e-05,0.00052249,2.85e-07,0.282196682816109,4.9444599463877,0.716897257609445
2123204,184,983,0.28213,2.65e-05,0.0010881,4.55e-06,0.282144867940946,-0.654367257107991,0.962472787257519
2123204,185,1712,0.281729,2.15e-05,0.000807,6e-06,0.281737817697911,1.52419708646434,0.955990526048495
2123204,186,259,0.282413,2.4e-05,0.0016022,1e-06,0.282441242091608,-6.40662570800976,0.853370176727693
2123204,187,1114,0.282236,1.9e-05,0.0005808,6e-07,0.282260807018402,6.42322612728119,0.835212730820452
2123204,188,621,0.282363,2.05e-05,0.0003599,2.25e-06,0.282398807533186,0.184606156068412,0.743511077237257
2123204,189,231,0.282776,2e-05,0.0006665,1.65e-06,0.282814122423961,6.1629126657059,0.723477883359401
2123204,190,585,0.282475,2e-05,0.0003185,1.7e-06,0.282512506060154,3.40268884855499,0.719003153445618
2123204,191,660,0.282323,2.35e-05,0.000534,1.1e-05,0.282358386373942,-0.370981316748509,0.858195705432707
2123204,192,2522,0.280971,2.5e-05,0.0004934,1.4e-06,0.280989238345236,-6.31720868129459,0.93498551489662
2123204,193,577,0.282501,2.15e-05,0.0001072,6e-07,0.282542840186225,4.29726196063074,0.774822850633774
2123204,194,3209,0.280918,2.4e-05,0.001005,5.5e-06,0.280900016624593,6.67218208713294,0.865977509899942
2123204,195,1023,0.281904,2.7e-05,0.001543,7e-06,0.281918278554727,-7.78039479237158,1.08566807138506
2123204,196,1186,0.281962,2.2e-05,0.000386,2.15e-06,0.282003366980118,-1.06929536485945,0.832447447494527
2123204,197,227,0.282617,2.8e-05,0.001114,8e-06,0.282664273828116,0.772093465646329,1.00454271127049
2123204,198,517,0.28251,5e-05,0.002053,1.05e-05,0.282540109131076,2.85523892199935,1.76845055290275
2123204,199,2701,0.280957,2.2e-05,0.0007046,1.5e-06,0.280973597561653,-2.6861073904072,0.80540583830533
2123204,200,942,0.282437,2.3e-05,0.001154,6e-06,0.282470547046041,9.95989129642716,1.62043939552254
2123204,201,490,0.282116,2.35e-05,0.002108,8.5e-06,0.282151647751417,-11.5015342999758,1.26206750855853
2123204,202,546,0.281474,2.35e-05,6.03e-05,7e-07,0.281530382834194,-32.2447320897723,0.851007077067251
2123204,203,1171,0.28214,2.45e-05,0.0008438,2.65e-06,0.282178369427779,4.79487838975334,0.938078917067878
2123204,204,1587,0.281828,2.45e-05,0.0008958,3.1e-06,0.281859090247758,2.96091069262872,0.986771004184062
2123204,205,644,0.282235,3e-05,0.0013527,2.55e-06,0.282276655303054,-3.62474991465134,1.08409697272028
2123204,206,234,0.282718,2.3e-05,0.001294,5e-06,0.282771340514301,4.71609199220957,0.816298025756678
2123204,207,512,0.282421,1.95e-05,8.596e-05,3.35e-07,0.28248117525375,0.656782048316096,0.699847955670429
2123204,208,267,0.282585,2.35e-05,0.001812,3.15e-05,0.282637954552963,0.731897831542927,0.836837665942653
2123204,209,1162,0.281821,2.05e-05,0.0003558,7.5e-07,0.281874205194742,-6.19367000165294,0.795607738830296
2123204,210,1168,0.282115,2.1e-05,0.0008289,1.85e-06,0.282159745809991,4.06641630792626,0.822834390219303
2123204,211,1708,0.28156,2.05e-05,2.61e-05,1.2e-06,0.281624155221947,-2.60259385823192,0.92270604045415
2123204,212,1098,0.282172,3.25e-05,0.000642,3.75e-06,0.282221717786144,4.67445695153224,1.18076522756229
2123204,213,561,0.2825,2.35e-05,0.00035185,4.05e-07,0.282561299391268,4.59190486644445,0.852198074625135
2123204,214,472,0.281746,2.35e-05,0.0002408,1.8e-06,0.281806870928614,-24.1089722487065,0.833539182113638
2123204,215,1236,0.282057,2.25e-05,0.0007602,1.45e-06,0.282100272792205,3.50337841150239,0.943540528737397
2123204,216,533,0.282467,2.5e-05,0.001435,1.1e-05,0.282514664320744,2.31294599062792,0.915785086559569
2123204,217,567,0.282308,2.2e-05,2.465e-05,2.05e-07,0.282367737954277,-2.126983593842,0.803213392153936
2123204,218,2697,0.281105,2.65e-05,0.0008825,4.95e-06,0.281119475773296,2.41056862103184,0.947384238705562
2123204,219,2724,0.281001,2.5e-05,0.0007118,1e-06,0.281021904411142,-0.427897251326081,0.927754512157052
2123204,220,643,0.282425,2.3e-05,0.0003758,7.5e-07,0.282479466295543,3.53500895184045,0.895369853023622
2123204,221,244,0.282571,2.35e-05,0.00106,1.4e-05,0.282623165372114,-0.303789146106626,0.831172911073695
2123204,222,1163,0.282136,2.3e-05,0.000755,5e-06,0.282176445200379,4.54491732219786,0.858472864190792
2123204,223,250,0.282837,2.35e-05,0.0009375,4.5e-06,0.282888618700282,9.22217564957029,0.820316269096534
2123204,224,865,0.282239,2.6e-05,0.001379,1.3e-05,0.282268573216388,1.06337751937247,0.941112551904286
2123204,225,1135,0.282154,2.35e-05,0.0008592,4e-06,0.282187618811336,4.30523943127037,0.874200331335796
2123204,226,1261,0.282215,2.3e-05,0.00074,9.5e-06,0.282252390685761,9.46675600858038,0.858779192796394
2123204,227,1108,0.282223,2.6e-05,0.001531,2.35e-05,0.282241033971067,5.58609550915357,1.00334821188964
2123204,228,1154,0.282211,2.2e-05,0.001041,5.5e-06,0.282237352658912,6.49992936930577,0.826610961800763
2123204,229,1143,0.282211,2.1e-05,0.001244,9.5e-06,0.282233197050592,6.10276487114536,0.786513785742671
2123204,230,527,0.282462,2.05e-05,0.00056,6.5e-06,0.282504468875057,1.8175182269542,0.73561755110674
2123204,231,889,0.282194,2.65e-05,0.001053,5e-06,0.282224395884419,0.039778767864096,0.969430396988753
2123204,232,1049,0.282333,2.3e-05,0.00055849,3.5e-07,0.282367966205589,8.74743983844795,0.862260029790272
2123204,233,536,0.281703,1.9e-05,0.000128,4.95e-07,0.281746714044044,-24.8089529828099,0.687651117430984
2123204,234,574,0.282419,2.45e-05,9.99e-05,1.1e-06,0.282464924815801,1.47113637643193,0.894742047414906
2123204,235,560,0.281904,2.6e-05,0.000617,1.25e-05,0.281942522284249,-17.3393950687051,0.92380656116268
2123204,236,248,0.282826,2.25e-05,0.0007626,2.05e-06,0.282866464652939,8.3937290723024,0.799544928114275
2123204,237,846,0.282248,2.25e-05,0.000872,7e-06,0.282277132559335,0.937971584646924,0.826884593127634
2123204,238,263,0.282724,2.7e-05,0.001925,2.4e-05,0.282757534777004,4.87389586537823,0.966102844366987
2123204,239,641,0.282607,2.4e-05,0.001,1.35e-05,0.282633973607572,8.96166778016516,0.866118631844414
2123204,240,578,0.282564,2.25e-05,0.001049,5.5e-06,0.282591630927195,6.04728997889215,0.805914301469719
2123204,241,655,0.282039,2.35e-05,0.00010568,3.6e-07,0.282076701122309,-10.4589842731984,0.871694115345146
2004581,242,572,0.281404,2.25e-05,9.309e-05,1.3e-07,0.2814410016187,-34.8284625771778,0.838633089089044
2004581,243,876,0.282022,2.15e-05,0.0001801,6e-07,0.282056033467529,-6.21905209468254,1.54833353896806
2004581,244,521,0.282594,2.35e-05,0.000233,1.7e-05,0.28262772498569,6.04678806059189,0.853524048395528
2004581,245,626,0.282258,2.25e-05,0.0004384,4.15e-06,0.282288851729546,-3.59689241760219,0.822915369957662
2004581,246,678,0.282388,2.45e-05,0.0011042,2.15e-06,0.282410949074606,1.89506173045695,0.888107487432842
2004581,247,1093,0.282207,2.45e-05,0.000686,5.5e-06,0.282228872768561,4.81468069909674,1.31571860718419
2004581,248,1054,0.28247,2.3e-05,0.0010909,1.3e-06,0.28248334391906,12.950495434545,0.949679243552012
2004581,249,632,0.282153,2.15e-05,0.0007976,3.2e-06,0.282177543225248,-7.4039306784901,0.769038148180883
2004581,250,523,0.282488,2.35e-05,0.0005456,1.25e-06,0.282516652206222,2.15922311912697,0.844099277454285
2004581,251,534,0.282433,2.3e-05,0.000977,4.25e-06,0.282456221346831,0.266205432652988,0.847136176511591
2004581,252,1549,0.281998,2e-05,0.0003197,1.05e-06,0.282021629535361,7.85846179115257,0.776353817274033
2004581,253,1202,0.282037,2.1e-05,0.000603,7e-07,0.28205432971514,1.10122226484544,0.794929430699053
2004581,254,1110,0.282123,2.6e-05,0.0007263,9e-07,0.282138807792357,2.00749324985594,0.986230470671143
2004581,255,1176,0.281816,2.2e-05,0.0007397,5.5e-07,0.281831597386892,-7.38665832133445,0.834623304917445
2004581,257,496,0.282447,2.6e-05,0.0012404,2.8e-06,0.282465472569368,-0.257439822688443,0.91966149576403
2004581,258,1040,0.282356,3.55e-05,0.0006046,1.4e-06,0.282373158712824,8.72747640243032,1.29972005596593
2004581,259,1169,0.282143,3.75e-05,0.0007315,4.35e-06,0.28217287682787,4.554698421535,1.35480616796188
2004581,260,520,0.282342,3.55e-05,6.134e-05,3.3e-07,0.282383402230782,-2.62551967964431,1.26765971267497
2004581,261,2026,0.281462,4.8e-05,0.0011284,2.65e-06,0.281463547769346,-0.980111965078745,1.76899013706838
2004581,262,215,0.28266,3.5e-05,0.0011637,1.15e-06,0.282696324486369,1.63886642277511,1.23440416360964
2004581,263,592,0.2818,5.5e-05,0.0002824,2.85e-06,0.281836864802383,-20.3641809103561,1.99420217210557
2004581,264,560,0.281733,4.1e-05,8.784e-05,4.6e-07,0.281770077791651,-23.4450893387772,1.45799542416211
2004581,265,918,0.282458,4.45e-05,0.001634,6e-06,0.282465783925948,9.24832128126774,1.57859652191732
2004581,266,549,0.282256,3.45e-05,0.000387,6.5e-06,0.282287017210251,-5.38842297336251,1.23363095258074
2004581,267,599,0.282464,4.45e-05,0.0002348,2.85e-07,0.282496362260899,3.14524445483633,1.58003619139978
2004581,268,1064,0.282139,4.3e-05,0.001558,1.35e-05,0.282140774886484,1.03431167651769,1.677269299078
2004581,269,1639,0.281962,4e-05,0.000918,6.5e-06,0.281965505896704,7.93020785765153,1.49526676339178
2004581,270,1763,0.281875,3.75e-05,0.001692,2.5e-05,0.281849442414542,6.65946621449587,1.33251104328252
2004581,271,586,0.282227,3.4e-05,0.0003876,2.7e-06,0.282253740726165,-5.73743791179027,1.21074331387688
2004581,272,540,0.281705,4.25e-05,0.0001982,2.3e-06,0.281731993842751,-25.2407060660143,1.50595980950757
2004581,273,2117,0.281181,3.45e-05,0.00039546,3.05e-07,0.281194074103754,-8.44938247096749,1.25049207852535
2004581,274,1162,0.282234,3.65e-05,0.000683,2.05e-06,0.28224703695337,7.02502231118229,1.33351208944423
2004581,275,966,0.282306,4.35e-05,0.0019011,4.3e-06,0.282299439588829,4.43908592980158,1.54719155420306
2004581,276,1167,0.282195,3.75e-05,0.0009588,1.55e-06,0.282200903403267,5.50295299535764,1.35994969069588
2004581,277,2889,0.280951,3.4e-05,0.0009857,2.1e-06,0.280921433823146,-0.126166140648198,1.21393161278365
2004581,278,592,0.282699,2.8e-05,0.0002842,5.5e-07,0.282720844818829,10.9369004498405,1.01818050183505
2004581,279,510,0.282373,3e-05,0.0002711,1.2e-06,0.282394409130354,-2.45977518250506,1.07745076167356
2004581,280,1434,0.282067,2.8e-05,0.0005246,1.2e-06,0.28207678075216,7.1842845811565,1.16174997498577
2004581,281,993,0.282431,2.95e-05,0.001598,2.55e-05,0.282425130186339,9.50468660266157,1.07111284594495
2004581,282,241,0.282891,2.6e-05,0.0007231,9.5e-07,0.282910742603641,9.80430865884285,0.917656407856797
2004581,283,1765,0.281889,3.65e-05,0.000624,6.5e-06,0.281891117829721,8.18511369010233,1.30124185881292
2004581,284,1199,0.282139,3.25e-05,0.0007375,1.7e-06,0.282145322736231,4.25946223937768,1.20835518513383
2004581,285,1183,0.282136,2.65e-05,0.0007719,2.25e-06,0.282140780349249,3.7347696912704,1.00322269439214
2004581,286,1570,0.281845,4.5e-05,0.0009134,2.4e-06,0.281840859790875,1.92449325859378,1.63339579745189
2004581,287,1095,0.282214,3.25e-05,0.0009924,6.5e-07,0.282215525100237,4.38687882379662,1.29481406528259
2004581,288,580,0.282343,4.8e-05,7.676e-05,2.8e-07,0.282365165180097,-1.92659403801088,1.69063951220034
2004581,289,1184,0.28201,3.35e-05,0.0005554,7.5e-07,0.282019599471472,-0.539171354911883,1.23058628274964
2004581,290,677,0.28237,6e-05,0.0005979,3.35e-06,0.28238240302574,0.861594663073006,2.12195685697364
2004581,291,801,0.28223,8e-05,0.000821,2.3e-06,0.282247643301952,-1.12123620014448,2.85639846086036
2004581,292,617,0.28257,0.000155,0.000915,1.7e-05,0.282579410237638,6.49018100017607,5.43603360634622
2004581,293,591,0.281938,4.7e-05,0.00015467,4.6e-07,0.281961285774187,-15.9809250693876,1.66988770400508
2004581,294,1052,0.28207,6e-05,0.001308,1.7e-05,0.282074083898569,-1.60149948391641,2.11134538600832
2004581,295,755,0.28217,9.5e-05,0.0004863,4.05e-06,0.282193104095457,-4.08900563509618,3.31848142726984
2004581,296,591,0.28258,3.85e-05,3.252e-05,4e-07,0.282604639577013,6.79970817145881,1.40367611293111
2004581,297,1515,0.282145,3.85e-05,0.0005778,3.95e-06,0.282155441580018,11.8280415965066,1.51660410211659
2004581,298,645,0.282501,3.15e-05,0.0008666,1.1e-06,0.282518512500034,4.96270595880643,1.11036352698932
2004581,299,670,0.282555,3.2e-05,0.0003767,2.95e-06,0.282578263413773,7.64075509080087,1.16595797269936
2004581,300,544,0.28242,3.35e-05,0.000246,1.1e-05,0.282444491478691,0.0750163465146336,1.19576140383005
2004581,301,539,0.282298,3.45e-05,0.000744,9e-07,0.282320483334822,-4.42755682464213,1.24535267424232
2004581,302,1611,0.281977,3.1e-05,0.001224,6.5e-06,0.281970666702528,7.47097517720618,1.20226694257452
2004581,303,1803,0.28161,2.7e-05,0.0008142,2.55e-06,0.281611156238585,-0.880615037150978,0.962788604304316
2004585,304,547,0.281703,2.9e-05,0.00025836,1.75e-07,0.281731350837737,-25.1069795136027,1.0286561784948
2004585,305,539,0.282002,2.85e-05,7.281e-05,4.25e-07,0.282034264397323,-14.5611542547086,1.03848948190358
2004585,306,524,0.28169,6e-05,0.0008517,6.5e-07,0.281711635873516,-26.3190590831441,2.1265140431839
2004585,307,1187,0.28203,6.5e-05,0.0007619,3.6e-06,0.282052945322765,0.711310301111379,2.3289576346453
2004585,308,244,0.28291,6.5e-05,0.0011296,2.8e-06,0.282944847928623,11.0778958519453,2.29401936794578
2004585,309,593,0.282018,4.25e-05,7.986e-05,3.9e-07,0.282057111890373,-12.5429864597781,1.62732081165288
2004585,310,1156,0.282159,3.9e-05,0.0007167,3.9e-06,0.282182380610685,4.5963617383582,1.41210250328082
2004585,311,1183,0.28203,8.5e-05,0.0006389,1.5e-06,0.282045747331435,0.3652280624733,3.04480139318968
2004585,312,989,0.28249,8e-05,0.001437,9.5e-06,0.282503248798016,12.1827061934532,2.83261176043895
2004585,313,1634,0.28212,6e-05,0.0007369,4.15e-06,0.282127197964561,13.554408132197,2.16035248223508
2004585,314,603,0.282027,4.6e-05,0.000141,1e-06,0.282061405371299,-12.1668524972462,1.65598352725857
2004585,315,658,0.282346,4.1e-05,0.0003039,1.2e-06,0.282379247653626,0.3228791997123,2.18351460469916
2004585,316,568,0.28201,5.5e-05,4.069e-05,2.35e-07,0.282049566671577,-13.3701689610821,1.97090044573763
2004585,317,526,0.282291,4.45e-05,6.17e-05,7e-07,0.282323391750615,-4.61574927351105,1.58081745065301
2004585,318,585,0.28243,6e-05,8.11e-05,8.5e-07,0.282459110334312,1.5120152110959,2.11340421580698
2004585,319,1191,0.28214,0.00013,0.000822,7.5e-06,0.282151537323921,4.29797950865396,4.63071319286662
2004585,320,998,0.28239,9e-05,0.0013941,3.5e-06,0.282393809048884,8.50784752615796,3.16793211809227
2004585,321,631,0.28207,7e-05,0.00012258,3.45e-07,0.282108548938766,-9.86961848176482,2.47192371539025
2004585,322,579,0.282355,4.65e-05,0.0002175,6e-07,0.282383638632383,-1.29490676915589,1.6621414651257
2004585,323,1653,0.28199,7e-05,0.001419,8.5e-06,0.281975573142398,8.60889531285158,2.49899569858256
2004585,324,223,0.28265,5.5e-05,0.001318,1.65e-05,0.282674507089447,1.04508494260802,1.97380902612324
2004585,325,2848,0.28075,6e-05,0.00023573,4.2e-07,0.280757140663914,-6.93860751894371,2.14076986015847
2004585,326,832,0.2823,5e-05,0.000249,1.6e-05,0.282316106185153,2.00300108214035,2.16753527837873
2004585,327,1070,0.28225,5.5e-05,0.0005247,3.15e-06,0.282269424177192,5.73057014768841,2.00190350089198
2004585,328,555,0.28245,6e-05,0.0005223,1.9e-06,0.282464565727394,1.0323447982663,2.13286973701306
2004585,329,533,0.28233,5.5e-05,4.973e-05,2.1e-07,0.282349503196286,-3.534514201603,1.95597001709477
2004585,330,552,0.28231,5.5e-05,4.78e-05,6e-07,0.282329505366854,-3.8168723273313,1.96635535320874
2004585,331,528,0.282141,4.8e-05,6.428e-05,2.35e-07,0.282160363895198,-10.3428283804485,1.69929664897026
2004585,332,576,0.28226,6e-05,0.00012275,4.6e-07,0.282278674262347,-5.07876069464452,2.15144001143627
2004585,333,608,0.28184,5.5e-05,0.0004527,2.95e-06,0.281854837530337,-19.369458466153,1.9226671881843
2004585,334,606,0.2823,6e-05,0.0003903,2.75e-06,0.282315563847172,-3.09976383114807,2.12195354151317
2004585,335,647,0.28194,6e-05,0.0001526,6.5e-07,0.281958147490247,-14.8369128430526,2.23824765922201
2004585,336,2705,0.28128,8e-05,0.001063,5.5e-06,0.281234997792365,6.70862703317843,2.86152280648232
2004585,337,1176,0.28219,5e-05,0.0011556,2.3e-06,0.282184374936179,5.12141273366185,1.7867838648062
2004585,338,684,0.28235,6e-05,0.000553,9e-07,0.282362900413182,0.328230716586386,2.12467523451711
2004585,339,522,0.28234,5e-05,0.0001772,5.5e-07,0.282358266480364,-3.47062619484029,1.78055401844445
2004585,340,485,0.28266,7e-05,0.001545,2.4e-05,0.282655961694472,6.23976751485955,2.46094109410472
2004585,341,654,0.28253,7.5e-05,0.00116933,4.6e-07,0.282525650230168,5.41774482729185,2.66602769240269
2004585,342,552,0.28193,5.5e-05,0.0004033,9.5e-07,0.281935826662179,-17.755494931716,1.93635469632128
2004585,343,583,0.28232,6.5e-05,0.0001152,6.5e-07,0.282338740601881,-2.79497189939137,2.35632042594736
2004585,345,569,0.28219,5.5e-05,0.001033,1.15e-05,0.282278979588894,-5.22485134270778,1.93876747057341
2004585,346,1093,0.282287,4.95e-05,0.00024794,3e-07,0.282346894014923,8.998450724651,1.81500419524029
2004585,347,579,0.282295,4.35e-05,0.0006455,7e-07,0.282344991895189,-2.66331936522257,1.55497858606322
2004585,348,1469,0.281935,4.65e-05,0.0010949,1.4e-06,0.281976588501487,4.42957987743187,1.68376506153388
2004585,349,567,0.28191,6e-05,0.000369,5.5e-06,0.281956077287142,-16.7027673065301,2.14709802593851
2004585,350,1999,0.281408,4.2e-05,0.00049585,4.1e-07,0.281423165129398,-3.03856696415417,1.50078879222792
2004585,351,2535,0.281226,4.8e-05,0.00060398,3.9e-07,0.281238759416362,2.86108461882817,1.85063786628578
2004585,352,1172,0.28218,8.5e-05,0.0006584,1.9e-06,0.282185450392543,5.06865818734603,3.0052368681226
2004585,353,550,0.28252,5.5e-05,6.6e-05,3.5e-07,0.28252931952096,3.21291857859229,1.95723979576659
2004585,354,1790,0.28165,7e-05,0.000912,1.65e-05,0.28162904035252,-0.544695975459586,2.54801403648908
2004585,355,1115,0.282256,4.1e-05,0.00058718,2.65e-07,0.282240661899439,5.73175643171275,1.48222847620183
2004585,356,603,0.282615,4.2e-05,0.0010134,7.5e-07,0.282601539030314,6.95935463659758,1.50130796307462
2004585,357,1993,0.281417,4.35e-05,0.0004887,1.8e-06,0.281398493481853,-4.05354463855923,1.55860745329164
2004585,358,575,0.28208,5e-05,9.963e-05,2.95e-07,0.282078925843589,-12.1738514394565,1.79399204667021
2004585,359,559,0.2826,6.5e-05,0.000152,5.5e-06,0.282598407057737,5.8609018615341,2.29251542633074
2004585,360,543,0.28261,5.5e-05,0.000625,1.15e-05,0.282603638499317,5.68726336873659,1.95884408871799
2123197,1,1490,0.282089,3.3e-05,0.0010323,2.05e-06,0.28204391164235,7.29848585248938,1.25333346258105
2123197,2,571,0.282478,3.25e-05,0.0021077,7e-07,0.28244843484996,0.819978474642102,1.15478225494498
2123197,3,1786,0.281683,3e-05,0.0009118,1.75e-06,0.281640117468656,-0.243407318697431,1.08016206019982
2123197,4,1322,0.281985,3e-05,0.0008412,4.8e-07,0.281950002171435,0.131838935060191,1.51582174184908
2123197,5,1467,0.282079,2.9e-05,0.0006913,2.75e-06,0.282054825232665,7.15965854879208,1.15297714628969
2123197,6,1846,0.281638,2.95e-05,0.001357,1.1e-05,0.281587467817915,-0.731922715725419,1.07076458647698
2123197,7,1250,0.282184,2.85e-05,0.0013075,1.95e-06,0.282155160833894,5.7683286364707,1.07449126842808
2123197,8,1143,0.282182,3.05e-05,0.0006631,4.05e-06,0.282167712993768,3.78113790136192,1.17067278613049
2123197,9,250,0.282608,2.7e-05,0.0006282,2.2e-06,0.282616064178685,-0.421403417615318,0.958722847393833
2123197,10,628,0.282438,3.05e-05,0.0006919,3.25e-06,0.282438848687096,1.75970571252293,1.0994392515209
2123197,11,655,0.282496,3e-05,0.001805,2.8e-06,0.282488815346031,4.13574093681257,1.09629977664963
2123197,12,1588,0.281837,3e-05,0.0007477,3.9e-06,0.281834524794938,2.11201386625337,1.38456814343794
2123197,13,1787,0.281567,2.45e-05,0.00054786,4.2e-07,0.281576433498953,-2.48153754129343,0.954881934142179
2123197,14,2818,0.281021,2.95e-05,0.0006865,1.7e-06,0.281006955590832,1.24760273692681,1.06082692418958
2123197,15,2824,0.280979,2.9e-05,0.0009991,1.8e-06,0.280945969460339,-0.781906000860699,1.04930986506436
2123197,16,1576,0.281987,2.7e-05,0.0022035,4.95e-06,0.281956272635939,6.15773183864965,1.00998165929447
2123197,17,1748,0.281542,2.65e-05,0.0006712,5.5e-07,0.281556758171532,-4.07655282283814,0.965753648135001
2123197,18,1689,0.281887,2.55e-05,0.001612,1.65e-05,0.281881414032078,6.09332993736444,0.920615631008115
2123197,19,1510,0.281661,2.3e-05,0.000668,6e-06,0.281692920728464,-4.6980638955807,0.933543747071583
2123197,20,707,0.282247,2.25e-05,0.001236,5.5e-06,0.282282594741706,-1.998911425386,0.835256599861416
2123197,21,1162,0.282121,2.5e-05,0.0006558,1.15e-06,0.282113632846295,2.29520033685704,0.915564474431788
2123197,22,598,0.281398,3.1e-05,0.0006251,7e-07,0.281398989426484,-35.7348878105024,1.10253431843246
2123197,23,1136,0.282221,2.5e-05,0.0006556,1.7e-06,0.282213962014058,5.26187986149118,0.920356943483406
2123197,24,1614,0.281986,2.95e-05,0.0014019,4.7e-06,0.281951159732993,6.84745448689128,1.08697721881423
2123197,25,612,0.282454,3.1e-05,0.000645,7.5e-06,0.282454595925065,1.95809879735886,1.10657881291433
2123197,26,2319,0.281159,2.4e-05,0.0003584,1.35e-06,0.281150159353214,-5.32456604500076,1.25172852333872
2123197,27,2067,0.281178,3e-05,0.0003789,2.6e-06,0.281171108387134,-10.4218090192698,1.6600881819148
2123197,28,487,0.28245,2.85e-05,0.0009944,1.4e-06,0.282448927172445,-1.04464839979945,1.01889785457567
2123197,29,1072,0.28217,3.5e-05,0.000826,6e-06,0.282161319760457,1.94387519175221,1.28164562695028
2123197,30,1185,0.282039,2.7e-05,0.00049146,4.7e-07,0.282036017702369,0.0656785371755397,0.990024657217319
2123197,31,1170,0.281508,2.85e-05,0.0012994,6.5e-07,0.281487334835553,-19.7288102642457,1.06059495587074
2123197,33,1654,0.281799,2.6e-05,0.0007041,1e-06,0.281783942094746,1.82997192145651,0.942576746313118
2123197,34,1204,0.282049,2.3e-05,4.821e-05,1.5e-07,0.282053905218291,1.13162275332535,0.927686259135407
2123197,35,1206,0.282033,2.55e-05,0.000313,1.75e-05,0.282031880267287,0.396107908564591,0.927472622220932
2123197,36,1781,0.281555,2.45e-05,0.0009942,2.2e-06,0.281527422437552,-4.35965212376654,0.953119655736484
2123197,37,1162,0.282107,2.5e-05,0.0004748,1e-06,0.282102598163192,1.90396735483933,0.9216053958617
2123197,38,1168,0.282084,2.2e-05,0.0005187,1e-06,0.282077577092101,1.1530974404228,0.812056121367283
2123197,39,1209,0.282097,2.05e-05,0.0002889,2e-06,0.282095411931864,2.71703402189738,0.789372997986609
2123197,40,609,0.282035,2.5e-05,0.0003398,8e-07,0.282035118602128,-12.9631954756415,0.927106666308321
2123197,41,208,0.282603,3.05e-05,0.0013348,1.2e-06,0.282600811987677,-1.89608774462835,1.07341643187484
2123197,42,1433,0.282091,2.55e-05,0.001328,1.4e-05,0.282058030087281,6.49622242745673,0.958324629675547
2123197,43,2444,0.281317,2.85e-05,0.0011199,3.4e-06,0.281267773060309,1.76806420469688,1.06312580153095
2123197,44,1767,0.281621,2.75e-05,0.00176,1.05e-05,0.281564033724831,-3.38162038987844,1.0125216225223
2123197,45,1176,0.282124,2.25e-05,0.000896,3e-06,0.282107131483919,2.38267102133483,0.831696313557747
2123197,46,1158,0.282134,2.8e-05,0.0011161,5.5e-07,0.282110633754951,2.09803571271872,1.02086321950515
2123197,47,1606,0.281936,2.75e-05,0.0012996,3.7e-06,0.281898485700621,4.79454412702696,0.99988671514865
2123197,48,1172,0.282043,2.85e-05,0.0007127,2e-06,0.2820292504477,-0.469512439061903,1.06481981018535
2123197,49,612,0.281597,3.3e-05,0.0003782,6e-07,0.281593658571875,-28.5284270249264,1.17803833115197
2123197,50,2063,0.28135,2.7e-05,0.0006588,2.55e-06,0.281325158770635,-5.04113934530981,3.38325179532806
2123197,51,868,0.282303,3.05e-05,0.0005116,1.65e-06,0.282296650719299,2.125899087706,1.19892028088557
2123197,52,1570,0.282006,3.05e-05,0.0010965,1.95e-06,0.281974419269427,6.66423121151505,1.11953860916592
2123197,53,1570,0.282132,2.95e-05,0.0005189,1.8e-06,0.282116581722668,11.7092701890043,1.05221715078753
2123197,54,1561,0.281987,2.8e-05,0.0009011,3.2e-06,0.281941380996259,5.28559264945105,1.01576543898503
2123197,55,653,0.282369,2.85e-05,0.00059,1.9e-06,0.282346770783524,-0.939588282945492,1.01701803916732
2123197,56,1157,0.28194,2.8e-05,0.00042862,1.85e-07,0.281919650709236,-4.69586851779003,1.04116318218628
2123197,57,1166,0.282206,2.65e-05,0.0005842,7e-07,0.282176156909038,4.60284313645865,0.982336864417262
2123197,58,1146,0.28214,3.3e-05,0.000622,6e-06,0.282126562973589,2.3903368173217,1.22184995824198
2123197,59,602,0.281871,3.5e-05,0.000503,1.55e-06,0.281858320846978,-19.3805000860536,1.24478099848781
2123197,60,2085,0.281559,3.25e-05,0.0010618,1.55e-06,0.281511898380439,2.1025883820025,1.17531408178523
2123197,61,675,0.282381,3.15e-05,0.000673,5.5e-07,0.282364474219384,0.181677503809929,1.12416834197835
2123197,62,1768,0.281723,3.35e-05,0.0006453,2.65e-06,0.281688367711052,1.05571592716736,1.21350718610587
2123197,63,1428,0.282143,3.2e-05,0.001256,9e-06,0.282108100552003,8.15830448436694,1.18240412702173
2123197,64,1162,0.282149,3.3e-05,0.000957,5.5e-06,0.282129034208455,2.84125324912621,1.20354896039501
2123197,65,1148,0.282146,2.9e-05,0.000707,5.5e-06,0.282134699782703,2.72422198339672,1.08038654723718
2123197,66,342,0.282214,2.55e-05,0.0009078,2.2e-06,0.282202191274055,-13.0167008350957,0.904351983642744
2123197,67,1971,0.281614,2.75e-05,0.0003688,2.4e-06,0.281590190976396,2.24773875014961,1.21554963210421
2123197,68,1570,0.281973,2.8e-05,0.0006151,1.1e-06,0.281934723294687,5.25550664855157,1.21377206937478
2123197,69,1201,0.282124,2.45e-05,0.00050284,4.15e-07,0.282095609978475,2.54221186097858,0.916818392473975
2123197,70,1599,0.28195,2.65e-05,0.00094,6.5e-06,0.281889545767888,4.31678726302565,0.982332556773306
2123197,71,1654,0.281908,2.65e-05,0.0004279,7.5e-07,0.281859594833606,4.51524144164717,1.05924720241371
2123197,72,1134,0.28217,2.5e-05,0.0007918,6.5e-07,0.282125075807725,2.06522699180978,0.900982893196834
2123197,73,1545,0.281974,2.75e-05,0.001153,8.5e-06,0.281901293893703,3.49663078894169,1.14690628622513
2123197,74,683,0.282397,2.8e-05,0.001099,5.5e-06,0.282339911453846,-0.508436618699148,1.00925568649862
2123197,75,1229,0.282225,2.65e-05,0.0007048,1.85e-06,0.28215165882351,5.16632134984318,0.99113303750732
2123197,76,2387,0.281256,2.2e-05,0.00062333,2.25e-07,0.281167623945526,-3.121444535511,0.794350392674737
2123197,77,556,0.282465,2.35e-05,8.854e-05,1.9e-07,0.28241407711672,-0.732854952376627,0.856634198641489
2123197,78,1699,0.281536,3.05e-05,0.00011842,3.1e-07,0.28148618762122,-7.70682598024597,1.09293172551005
2123197,79,1772,0.281777,2.55e-05,0.001021,5.5e-06,0.281729694457035,2.61498313958164,0.944860254119424
2123197,80,1147,0.28218,2.65e-05,0.0006727,3.8e-06,0.282141454887714,2.94101160005722,1.00509432358086
2123197,81,1547,0.282041,3.15e-05,0.001129,9e-06,0.282009952151646,7.39826591819703,1.13875415781407
2123197,82,1546,0.282009,3.05e-05,0.001537,5.5e-06,0.281961038766101,5.6396261740721,1.30266096822368
2123197,83,1372,0.282196,3.55e-05,0.0017332,4.65e-06,0.282148078960678,8.2976684101066,1.34348765965241
2123197,84,339,0.282578,3.9e-05,0.000855,5.5e-06,0.282562577266604,-0.329785963374407,1.38345283387952
2123197,86,1053,0.282239,2.6e-05,0.0005705,2.15e-06,0.282206685528568,3.12135739899411,0.969670482019771
2123197,87,1818,0.281444,2.1e-05,0.0003488,1.2e-06,0.28143697091696,-6.72040383501549,0.772707871840006
2123197,88,1194,0.282122,2.45e-05,0.0005981,1.85e-06,0.282113532053119,3.01859605946531,0.933938255421988
2123197,89,1081,0.282078,3.15e-05,0.0008343,1.25e-06,0.282069009273145,-1.12436349437695,1.17320692579577
2123197,90,1747,0.281768,3e-05,0.001631,7e-06,0.281720984312856,1.73087113844561,1.07797122724603
2123197,91,1567,0.28199,2.25e-05,0.0008722,2.75e-06,0.28201213423067,7.93390468034172,0.903504120036327
2123197,92,1189,0.282062,2.5e-05,0.0011512,3.85e-06,0.282079187172616,1.68720444053028,0.910661968367618
2123197,93,1774,0.281719,3.15e-05,0.002529,1.25e-05,0.281672928238217,0.645534143290938,1.13461598244342
2123197,94,532,0.282126,2.6e-05,6.3e-05,2.35e-06,0.282151371815392,-10.5716561315972,0.935813078282968
2123197,95,1211,0.282162,3e-05,0.0005947,1.1e-06,0.282161415787987,5.10291741540492,1.11011865983717
2123197,96,1759,0.281692,2.65e-05,0.0010751,1.75e-06,0.281673146083489,0.308352400326672,0.971967415818876
2123197,97,1068,0.282165,2.65e-05,0.000672,7e-06,0.282142480777268,1.1854251109189,0.979810094435125
2123199,98,637,0.282479,2.85e-05,0.0002548,1.05e-06,0.28243895491117,1.96559276206099,1.01290790672704
2123199,99,2978,0.280872,3e-05,0.0001996,1e-06,0.280824600647684,-1.47651530313264,1.07088219380623
2123199,100,3020,0.280855,3.3e-05,0.0006107,3e-06,0.280783616443252,-1.94495000217509,1.15853834518908
2123199,101,1883,0.281686,2.95e-05,0.0008548,2.55e-06,0.281620447851791,1.2917845202387,1.09727882101309
2123199,102,2972,0.280858,2.85e-05,0.0002908,1.25e-06,0.280807426523002,-2.22945724229873,1.01364991142208
2123199,103,682,0.282524,2.95e-05,0.000668,8e-06,0.282480449243057,4.44643235013142,1.05552335657665
2123199,104,3231,0.280901,3.4e-05,0.00073,6.5e-06,0.280819659192625,4.33129237965568,1.22276871919594
2123199,105,3104,0.280893,3.1e-05,0.0004452,2.2e-06,0.280828466966112,1.63685730550922,1.11858207723738
2123199,106,3239,0.280787,2.95e-05,0.00033364,1.95e-07,0.280727224512863,1.22798864214069,1.04975795248867
2123199,107,3479,0.280661,2.9e-05,0.0007114,1.6e-06,0.280584311622877,1.84193969410273,1.03797206985161
2123199,108,551,0.282464,2.8e-05,0.00020782,4.9e-07,0.282430853400005,-0.250950701287111,1.01401724178035
2123199,109,3404,0.280711,4.05e-05,0.0016845,3.55e-06,0.280585592687953,0.101219764956362,1.44935287911063
2123199,110,3082,0.280819,3.55e-05,0.000372,1.75e-06,0.280777991235382,-0.680931061781687,1.25227294452687
2123199,111,3026,0.280889,2.8e-05,0.0005798,1.35e-06,0.280835338126407,0.0383840346618314,1.01510773240924
2123199,112,1190,0.282104,3.1e-05,0.0005937,1.85e-06,0.28207467641746,1.54998722879718,1.12050267552327
2123199,113,426,0.28261,3.1e-05,0.0013627,4.2e-06,0.282563130362855,1.63325601197695,1.09947944532021
2123199,114,3025,0.280903,3.25e-05,0.0004755,6e-07,0.280839402930806,0.159515220947704,1.1747218821718
2123199,115,3407,0.280689,3.6e-05,0.001046,1.9e-05,0.28058437958091,0.129379395072959,1.28881440996948
2123199,116,1371,0.282105,3.1e-05,0.00125,3.45e-06,0.282036626444096,4.32143425229015,1.11990161124461
2123199,117,2770,0.28087,2.75e-05,0.0005729,1.55e-06,0.280804625883447,-7.08045036109439,0.992067600393147
2123199,118,3026,0.280926,3.35e-05,0.0009411,2.65e-06,0.280835361867474,0.0392294111173364,1.20741442392839
2123199,119,1183,0.282054,3.35e-05,0.000687,1.25e-05,0.282002674310058,-1.16199207583656,1.24735008440937
2123199,120,3003,0.280897,3.65e-05,0.0014525,2.8e-06,0.28077733022419,-2.56992321723493,1.32287348007377
2123199,121,2439,0.280941,4.05e-05,0.002208,1.2e-05,0.280801244613053,-14.937929976655,1.43616606781147
2123199,122,3363,0.280629,3.45e-05,0.0009388,4.9e-06,0.280531232771333,-2.81121684302388,1.22194801294427
2123199,123,2770,0.28088,3.35e-05,0.0006036,1.2e-06,0.280810998225255,-6.85367952770632,1.20669887574687
2123199,124,2939,0.281012,3.9e-05,0.001713,7e-06,0.280878485514315,-0.47743415262369,1.36592102158495
2123199,125,3199,0.28082,3.4e-05,0.001252,9e-06,0.280705030775367,-0.51088283643308,1.20936999385958
2123199,126,600,0.281643,3.15e-05,0.00027835,3.75e-07,0.281601867771364,-28.5062693858862,1.11699245754073
2123199,127,3006,0.280928,2.8e-05,0.000967,7e-06,0.280831239732926,-0.579616711104958,0.992581115661965
2123199,128,562,0.281814,2.95e-05,2.953e-05,1.85e-07,0.281779688859481,-23.0600550832971,1.04496250609861
2123199,129,3032,0.280916,3.55e-05,0.001163,1e-05,0.280832341153501,0.0733301497946037,1.27634917217296
2123199,130,3192,0.280783,3.5e-05,0.000704,9.5e-06,0.280724817731411,0.0281287408498976,1.25627136610311
2123199,131,3198,0.280867,4.95e-05,0.004,6.5e-05,0.280605171119528,-4.09184487042524,1.78471776199095
2123199,132,3214,0.280842,4.05e-05,0.002065,2.2e-05,0.280697436677167,-0.42594634537152,1.47376046068288
2123199,133,3195,0.280868,3.5e-05,0.001232,6.5e-06,0.280775357869439,1.89956826811777,1.24066793322609
2123199,134,3084,0.280969,3.85e-05,0.002278,1.75e-05,0.280816135900237,0.724789026977923,1.38017652442187
2123199,135,3178,0.28086,3.5e-05,0.000994,1.05e-05,0.280781304997817,1.70863367312091,1.27094796909803
2123199,136,580,0.281348,3.4e-05,0.0004131,2.3e-06,0.281325507242026,-38.7391249863456,1.19832813874015
2123199,137,3027,0.280992,3.2e-05,0.0008958,4.85e-06,0.280920974205993,3.11134647537514,1.13662123289337
2123199,138,3132,0.280872,3.75e-05,0.001374,8e-06,0.280771351871687,0.26504376417158,1.35651523260618
2123199,139,2966,0.281005,4.05e-05,0.002087,1.05e-05,0.280866303067556,-0.274718616489755,1.45278484854534
2123199,140,551,0.282443,2.85e-05,0.0003005,8e-07,0.282419896096148,-0.638905089080932,1.03532216200178
2123199,141,3214,0.280852,4.45e-05,0.001543,1.75e-05,0.280735682708411,0.936531439286181,1.56841706843626
2123199,142,3184,0.280878,3.65e-05,0.0008941,1.3e-06,0.280787298863813,2.06428554706539,1.30371496115959
2123199,143,3189,0.280854,3.75e-05,0.002082,1.2e-05,0.280690416977352,-1.26836435979216,1.33714649954997
2123199,144,3009,0.280867,3e-05,0.001251,6.5e-06,0.280759789366461,-3.05293733122713,1.07581915051614
2123199,145,492,0.282402,3.4e-05,0.001434,1.25e-05,0.2823537813497,-4.30101194487609,1.19897983566516
2123199,146,3033,0.280865,2.95e-05,0.0008701,3.9e-06,0.280779363772248,-1.78951732873411,1.05627150526211
2123199,147,624,0.282461,2.65e-05,0.000649,1.25e-06,0.282419403078372,0.981281598095851,0.954707677019834
2123199,148,3204,0.280892,3.55e-05,0.002615,3.15e-05,0.280694978749993,-0.750492239700584,1.2701906547721
2123199,149,1017,0.282376,3.05e-05,0.002148,5.5e-06,0.282298869951793,5.57326511364309,1.08457883326262
2123199,150,1198,0.281943,3.15e-05,0.0005122,4.25e-06,0.281893427267432,-4.69491405950095,1.14372034310699
2123199,151,3115,0.280902,3.55e-05,0.00268,4.85e-05,0.280703694705319,-2.54679080421205,1.27394139409953
2123199,152,1492,0.282052,3.2e-05,0.0017367,2.35e-06,0.281976996311544,4.96998431283702,1.2199364730121
2123199,153,3116,0.280877,3e-05,0.0005537,2.45e-06,0.280820869264043,1.65011819197147,1.09215465070656
2123199,154,2767,0.280947,3.45e-05,0.0017644,3.95e-06,0.280832558668548,-6.15681556390357,1.23151624398744
2123199,155,3404,0.280688,3.8e-05,0.001345,9e-06,0.280581844562361,-0.0323638411969807,1.37306039578071
2123199,156,2989,0.280947,3.45e-05,0.000821,5.5e-06,0.280882933816997,0.859874119030213,1.23674562819285
2123199,157,3021,0.280985,4.15e-05,0.00277,0.000115,0.280807453365806,-1.07256863034699,1.4992914274819
2123199,158,3221,0.280904,4.05e-05,0.002403,2.15e-05,0.280737223950447,1.15738388436482,1.44747802859057
2123199,159,493,0.282681,3.85e-05,0.00205,7.5e-05,0.282642064459959,5.926995022838,1.36941829065331
2123199,160,720,0.282233,3.55e-05,0.001661,5e-06,0.282190545671032,-4.96689374137493,1.2690200540662
2123199,161,3013,0.280979,3.95e-05,0.001527,8e-06,0.280855737509578,0.457875462542834,1.4101451758416
2123199,162,3013,0.280934,3.4e-05,0.000885,4.9e-06,0.280846845904372,0.141271201241633,1.21613893501392
2123199,163,954,0.282449,2.9e-05,0.001879,8e-06,0.282379269465381,6.99669043442208,1.04070490117448
